{
    "details": {
        "recipient_email": "alex@alexgilleran.com",
        "test_date": "Friday, July 29th 2016",
        "name_of_parent": "aerg",
        "name_of_child": "Alex",
        "dob_child": "Thursday, January 14th 2016",
        "age_of_child": "6 months",
        "results_text": "Your child is developing as expected for their age. Based on your answers you have no concerns about how your child is developing."
    },
    "results": {
        "qchat": {
            "lookatyou": {
                "value": "always"
            },
            "eyecontacteasiness": {
                "value": "veryeasy"
            },
            "pointwant": {
                "value": "manyday"
            },
            "pointshareinterest": {
                "value": "manyday"
            },
            "pretending": {
                "value": "manyday"
            },
            "followlooking": {
                "value": "manyday"
            },
            "comfort": {
                "value": "always"
            },
            "firstwords": {
                "value": "verytypical"
            },
            "simplegestures": {
                "value": "manyday"
            },
            "stareatnothing": {
                "value": "manyday"
            }
        },
        "peds": {
            "conerncs": {
                "value": "no"
            },
            "speech_sound": {
                "value": "no"
            },
            "understand_speech": {
                "value": "no"
            },
            "using_hand": {
                "value": "no"
            },
            "using_arm_leg": {
                "value": "no"
            },
            "behaviour": {
                "value": "no"
            },
            "getting_along": {
                "value": "no"
            },
            "learning": {
                "value": "no"
            },
            "learning_at_preschool": {
                "value": "no"
            },
            "other_concerns": {
                "value": "no"
            }
        }
    }
}
